evaluation,r2,mae,rmse,groups,folds
doi_level,0.019618897333753327,42.140615214363,62.826381122348174,24,5
material_family_level,0.20408523235793663,36.2642206997816,56.60800638678065,43,5
