model,params_json,mean_r2,std_r2,mean_mae,mean_rmse
GBDT,"{""learning_rate"": 0.1, ""max_depth"": 5, ""min_samples_leaf"": 2, ""n_estimators"": 150}",0.9502128198848283,0.026791938472650764,6.963363537258724,13.145783485109272
KNN,"{""n_neighbors"": 3, ""weights"": ""distance""}",0.9193835650468101,0.04084139170718432,8.84105490723666,16.71858409681554
XGB,"{""colsample_bytree"": 0.9, ""gamma"": 0.0, ""learning_rate"": 0.01, ""max_depth"": 15, ""min_child_weight"": 5, ""n_estimators"": 250, ""subsample"": 0.8}",0.9174480541610983,0.030907767356203073,10.419755953320514,17.366535759928276
RF,"{""max_depth"": 12, ""min_samples_leaf"": 5, ""n_estimators"": 100}",0.8867603102287631,0.042160297170033986,11.870516960047146,20.40363772590052
SVR,"{""C"": 50.0, ""epsilon"": 1.0, ""gamma"": 0.1}",0.8396616603011717,0.04628829986728303,13.550356358044903,24.443118425146434
LR,"{""fit_intercept"": true}",0.3930432640688749,0.09414460352688427,33.86105515081991,48.239088608094
